{
	"id": "dice-goblin",
	"name": "dice-goblin",
	"title": "Dice Goblin",
	"description": "More Dice = More Happiness",
	"version": "1.1",
	"minimumCoreVersion": "0.8.4",
	"compatibleCoreVersion": "9",
	"compatibility": {
		"minimum": "0.8.4",
		"verified": "11"
	},
	"author": "Riptide",
	"authors": [
		{
			"name": "Riptide",
			"url": "https://github.com/DominikBraun01/"
		}
	],
	"relationships.requires": {
		"type": "module",
		"name": "dice-so-nice",
		"id": "dice-so-nice"
	},
	"scripts": [
		"scripts/dnd.js",
		"scripts/jasmeen.js",
		"scripts/nibs.js",
		"scripts/rahen.js",
		"scripts/rahen-set.js",
		"scripts/tie.js",
		"scripts/varosch.js",
		"scripts/varosch-set.js",
		"scripts/yssar.js",
		"scripts/textures.js"
	],
	"styles": [
		"dicestyle.css"
	],
	"languages": [],
	"url": "https://github.com/DominikBraun01/dice-goblin/",
	"manifest": "https://github.com/DominikBraun01/dice-goblin/releases/download/latest/module.json",
	"download": "https://github.com/DominikBraun01/dice-goblin/releases/download/latest/dice-goblin-1.0.zip/",
	"readme": "https://github.com/DominikBraun01/dice-goblin/README.md"
}